{
  "threshold": 0.5508349537849426,
  "fpr": 0.01,
  "tpr": 0.980375,
  "auc_roc": 0.9985944960937501
}